"position","cost","team","total_points","full_name"
"MID",49,"Arsenal",94,"Granit Xhaka"
"MID",41,"Arsenal",6,"Mohamed Elneny"
"DEF",42,"Arsenal",7,"Rob Holding"
"MID",47,"Arsenal",67,"Thomas Partey"
"MID",70,"Arsenal",144,"Martin Ødegaard"
"DEF",46,"Arsenal",24,"Kieran Tierney"
"MID",53,"Arsenal",0,"Nicolas Pépé"
"DEF",47,"Arsenal",110,"Benjamin White"
"FWD",67,"Arsenal",57,"Eddie Nketiah"
"MID",56,"Arsenal",10,"Emile Smith Rowe"
"MID",85,"Arsenal",149,"Bukayo Saka"
"DEF",42,"Arsenal",31,"Takehiro Tomiyasu"
"GK",49,"Arsenal",103,"Aaron Ramsdale"
"DEF",52,"Arsenal",108,"Gabriel Gabriel"
"DEF",45,"Arsenal",0,"Nuno Tavares"
"MID",65,"Arsenal",142,"Gabriel Martinelli"
"DEF",45,"Arsenal",0,"Pablo Pablo Marí"
"MID",45,"Arsenal",0,"Lucas Torreira"
"MID",47,"Arsenal",31,"Reiss Nelson"
"GK",38,"Arsenal",0,"Matt Turner"
"MID",56,"Arsenal",34,"Fábio Fábio Vieira"
"DEF",53,"Arsenal",110,"William Saliba"
"MID",46,"Arsenal",1,"Marcus Marquinhos"
"FWD",79,"Arsenal",69,"Gabriel Jesus"
"MID",66,"Arsenal",107,"Leandro Trossard"
"MID",58,"Arsenal",61,"Jorge Luiz Jorginho"
"DEF",52,"Arsenal",80,"Oleksandr Zinchenko"
"MID",44,"Arsenal",0,"Matthew Smith"
"MID",45,"Arsenal",1,"Ethan Nwaneri"
"DEF",40,"Arsenal",0,"Lino Sousa"
"GK",39,"Arsenal",0,"Karl Hein"
"MID",45,"Arsenal",0,"Amario Cozier-Duberry"
"FWD",45,"Arsenal",0,"Nathan Butler-Oyedeji"
"DEF",40,"Arsenal",0,"Jakub Kiwior"
"MID",66,"Aston Villa",32,"Philippe Coutinho"
"GK",49,"Aston Villa",78,"Emiliano Martínez"
"DEF",42,"Aston Villa",6,"Calum Chambers"
"DEF",46,"Aston Villa",42,"Lucas Digne"
"MID",49,"Aston Villa",0,"Bertrand Traoré"
"GK",39,"Aston Villa",9,"Robin Olsen"
"MID",43,"Aston Villa",2,"Morgan Sanson"
"MID",51,"Aston Villa",54,"John McGinn"
"DEF",44,"Aston Villa",0,"Kortney Hause"
"DEF",43,"Aston Villa",70,"Tyrone Mings"
"FWD",73,"Aston Villa",102,"Ollie Watkins"
"MID",43,"Aston Villa",0,"Marvelous Nakamba"
"MID",57,"Aston Villa",75,"Emiliano Buendía"
"DEF",46,"Aston Villa",45,"Matty Cash"
"DEF",44,"Aston Villa",64,"Ezri Konsa"
"MID",44,"Aston Villa",78,"Leon Bailey"
"MID",48,"Aston Villa",75,"Douglas Luiz Douglas Luiz"
"MID",52,"Aston Villa",63,"Jacob Ramsey"
"MID",45,"Aston Villa",0,"Tim Iroegbunam"
"DEF",47,"Aston Villa",3,"Diego Carlos Diego Carlos"
"MID",48,"Aston Villa",0,"Anwar El Ghazi"
"FWD",54,"Aston Villa",0,"Keinan Davis"
"MID",48,"Aston Villa",38,"Boubacar Kamara"
"FWD",42,"Aston Villa",6,"Cameron Archer"
"MID",45,"Aston Villa",0,"Jaden Philogene-Bidace"
"DEF",39,"Aston Villa",0,"Frédéric Guilbert"
"MID",47,"Aston Villa",24,"Leander Dendoncker"
"DEF",43,"Aston Villa",2,"Ludwig Augustinsson"
"DEF",40,"Aston Villa",0,"Kaine Kesler Hayden"
"DEF",43,"Aston Villa",53,"Ashley Young"
"DEF",40,"Aston Villa",0,"Lamare Bogarde"
"GK",40,"Aston Villa",0,"Filip Marschall"
"MID",45,"Aston Villa",0,"Kadan Kadan Young"
"DEF",44,"Aston Villa",19,"Alexandre Álex Moreno"
"GK",40,"Aston Villa",0,"Viljami Sinisalo"
"FWD",55,"Aston Villa",4,"Jhon Durán"
"DEF",40,"Aston Villa",0,"Sil Swinkels"
"GK",40,"Aston Villa",0,"Oliwier Zych"
"DEF",43,"Bournemouth",49,"Adam Smith"
"MID",48,"Bournemouth",4,"Junior Stanislas"
"DEF",44,"Bournemouth",11,"Ryan Fredericks"
"MID",53,"Bournemouth",0,"David Brooks"
"MID",52,"Bournemouth",2,"Jamal Lowe"
"FWD",51,"Bournemouth",51,"Kieffer Moore"
"MID",47,"Bournemouth",1,"Emiliano Marcondes"
"MID",47,"Bournemouth",63,"Jefferson Lerma"
"DEF",43,"Bournemouth",5,"Jack Stacey"
"FWD",55,"Bournemouth",76,"Dominic Solanke"
"MID",49,"Bournemouth",44,"Lewis Cook"
"MID",44,"Bournemouth",9,"Ben Pearson"
"MID",53,"Bournemouth",37,"Ryan Christie"
"MID",51,"Bournemouth",83,"Philip Billing"
"DEF",43,"Bournemouth",27,"Chris Mepham"
"GK",42,"Bournemouth",25,"Mark Travers"
"DEF",43,"Bournemouth",27,"Lloyd Kelly"
"MID",47,"Bournemouth",6,"Siriki Dembélé"
"MID",52,"Bournemouth",46,"Jaidon Anthony"
"DEF",43,"Bournemouth",47,"Jordan Zemura"
"GK",39,"Bournemouth",0,"Will Dennis"
"DEF",43,"Bournemouth",20,"Jack Stephens"
"MID",49,"Bournemouth",16,"Joe Rothwell"
"MID",47,"Bournemouth",70,"Marcus Tavernier"
"DEF",44,"Bournemouth",0,"James Hill"
"GK",40,"Bournemouth",0,"Darren Randolph"
"GK",45,"Bournemouth",47,"Norberto Neto"
"DEF",44,"Bournemouth",47,"Marcos Senesi"
"FWD",45,"Bournemouth",0,"Christian Saydee"
"DEF",40,"Bournemouth",1,"Owen Bevan"
"GK",40,"Bournemouth",0,"Cameron Plain"
"FWD",45,"Bournemouth",0,"Daniel Adu-Adjei"
"MID",44,"Bournemouth",0,"Michael Dacosta Gonzalez"
"FWD",45,"Bournemouth",0,"Dominic Sadi"
"MID",50,"Bournemouth",18,"Dango Ouattara"
"FWD",45,"Bournemouth",0,"Euan Pollock"
"FWD",50,"Bournemouth",6,"Antoine Semenyo"
"DEF",45,"Bournemouth",2,"Matías Viña"
"DEF",45,"Bournemouth",0,"Illia Zabarnyi"
"MID",45,"Bournemouth",10,"Hamed H.Traorè"
"DEF",40,"Bournemouth",0,"Ben Greenwood"
"DEF",40,"Bournemouth",0,"Max Kinsey-Wellings"
"DEF",42,"Brentford",17,"Pontus Jansson"
"MID",53,"Brentford",54,"Christian Nørgaard"
"FWD",77,"Brentford",130,"Ivan Toney"
"GK",48,"Brentford",109,"David Raya"
"DEF",50,"Brentford",5,"Sergi Canós"
"MID",41,"Brentford",59,"Josh Dasilva"
"DEF",45,"Brentford",29,"Kristoffer Ajer"
"DEF",45,"Brentford",71,"Rico Henry"
"MID",55,"Brentford",64,"Vitaly Janelt"
"MID",48,"Brentford",9,"Saman Ghoddos"
"MID",48,"Brentford",91,"Mathias Jensen"
"MID",53,"Brentford",70,"Yoane Wissa"
"DEF",43,"Brentford",37,"Mads Roerslev"
"DEF",45,"Brentford",4,"Mads Bech"
"DEF",44,"Brentford",55,"Ethan Pinnock"
"MID",48,"Brentford",18,"Frank Onyeka"
"MID",45,"Brentford",19,"Shandon Baptiste"
"FWD",58,"Brentford",84,"Bryan Mbeumo"
"DEF",39,"Brentford",0,"Charlie Goode"
"FWD",45,"Brentford",0,"Marcus Forss"
"DEF",40,"Brentford",0,"Dominic Thompson"
"MID",45,"Brentford",0,"Mads Bidstrup"
"GK",40,"Brentford",0,"Ellery Balcombe"
"DEF",49,"Brentford",26,"Aaron Hickey"
"MID",52,"Brentford",14,"Keane Lewis-Potter"
"GK",43,"Brentford",0,"Thomas Strakosha"
"DEF",51,"Brentford",96,"Ben Mee"
"DEF",40,"Brentford",0,"Fin Stevens"
"FWD",45,"Brentford",4,"Halil Dervişoğlu"
"MID",50,"Brentford",14,"Mikkel Damsgaard"
"DEF",40,"Brentford",23,"Mathias Zanka"
"MID",44,"Brentford",0,"Ryan Trevitt"
"GK",39,"Brentford",0,"Matthew Cox"
"DEF",40,"Brentford",0,"Tristan Crama"
"MID",45,"Brentford",0,"Yegor Yarmolyuk"
"MID",49,"Brentford",7,"Kevin Schade"
"MID",48,"Brighton",47,"Adam Lallana"
"GK",39,"Brighton",6,"Jason Steele"
"FWD",65,"Brighton",50,"Danny Welbeck"
"MID",54,"Brighton",103,"Pascal Groß"
"DEF",47,"Brighton",68,"Lewis Dunk"
"MID",51,"Brighton",108,"Solly March"
"DEF",45,"Brighton",49,"Adam Webster"
"DEF",46,"Brighton",74,"Joël Veltman"
"GK",46,"Brighton",81,"Robert Sánchez"
"DEF",42,"Brighton",23,"Tariq Lamptey"
"MID",44,"Brighton",0,"Steven Alzate"
"MID",54,"Brighton",84,"Alexis Mac Allister"
"MID",44,"Brighton",0,"Jakub Moder"
"MID",53,"Brighton",11,"Enock Mwepu"
"MID",45,"Brighton",15,"Jeremy Sarmiento"
"MID",50,"Brighton",51,"Moisés Caicedo"
"MID",45,"Brighton",0,"Taylor Richards"
"DEF",40,"Brighton",0,"Haydon Roberts"
"FWD",50,"Brighton",12,"Deniz Undav"
"MID",55,"Brighton",84,"Kaoru Mitoma"
"FWD",46,"Brighton",8,"Julio Enciso"
"MID",45,"Brighton",0,"Kacper Kozłowski"
"MID",42,"Brighton",7,"Billy Gilmour"
"GK",40,"Brighton",0,"Kjell Scherpen"
"DEF",40,"Brighton",0,"Matt Clarke"
"DEF",40,"Brighton",2,"Jan Paul Van Hecke"
"DEF",44,"Brighton",15,"Levi Colwill"
"DEF",48,"Brighton",70,"Pervis Estupiñán"
"FWD",46,"Brighton",33,"Evan Ferguson"
"DEF",40,"Brighton",0,"Ed Turns"
"MID",45,"Brighton",1,"Andrew Moran"
"DEF",40,"Brighton",0,"James Furlong"
"MID",45,"Brighton",0,"Jack Hinshelwood"
"MID",45,"Brighton",6,"Facundo Buonanotte"
"MID",45,"Brighton",0,"Yasin Ayari"
"DEF",40,"Brighton",0,"Odeluga Offiah"
"MID",43,"Chelsea",12,"Carney Chukwuemeka"
"DEF",50,"Chelsea",56,"Marc Cucurella"
"DEF",48,"Chelsea",40,"César Azpilicueta"
"DEF",54,"Chelsea",72,"Thiago Thiago Silva"
"DEF",53,"Chelsea",0,"Marcos Alonso"
"MID",49,"Chelsea",0,"Ross Barkley"
"MID",49,"Chelsea",29,"Mateo Kovacic"
"GK",47,"Chelsea",84,"Kepa Arrizabalaga"
"MID",48,"Chelsea",5,"N'Golo Kanté"
"MID",55,"Chelsea",22,"Hakim Ziyech"
"MID",50,"Chelsea",33,"Ruben Loftus-Cheek"
"FWD",79,"Chelsea",0,"Timo Werner"
"DEF",39,"Chelsea",0,"Robert Kenedy Kenedy"
"DEF",58,"Chelsea",47,"Ben Chilwell"
"MID",56,"Chelsea",29,"Christian Pulisic"
"DEF",44,"Chelsea",37,"Trevoh Chalobah"
"MID",72,"Chelsea",81,"Mason Mount"
"DEF",50,"Chelsea",0,"Malang Sarr"
"MID",53,"Chelsea",0,"Callum Hudson-Odoi"
"FWD",75,"Chelsea",71,"Kai Havertz"
"DEF",58,"Chelsea",31,"Reece James"
"GK",48,"Chelsea",23,"Edouard Mendy"
"MID",56,"Chelsea",35,"Conor Gallagher"
"FWD",52,"Chelsea",21,"Armando Broja"
"DEF",44,"Chelsea",0,"Ethan Ampadu"
"DEF",43,"Chelsea",20,"Wesley W.Fofana"
"MID",97,"Chelsea",68,"Raheem Sterling"
"DEF",55,"Chelsea",57,"Kalidou Koulibaly"
"MID",45,"Chelsea",0,"Harvey Vale"
"MID",49,"Chelsea",11,"Denis Zakaria"
"FWD",84,"Chelsea",22,"Pierre-Emerick Aubameyang"
"GK",40,"Chelsea",0,"Marcus Bettinelli"
"MID",43,"Chelsea",1,"Omari Hutchinson"
"MID",44,"Chelsea",8,"Lewis Hall"
"DEF",45,"Chelsea",0,"Bashir Humphreys"
"FWD",50,"Chelsea",2,"David Datro D.D.Fofana"
"DEF",50,"Chelsea",29,"Benoît Badiashile"
"FWD",76,"Chelsea",13,"João João Félix"
"MID",66,"Chelsea",6,"Mykhailo Mudryk"
"MID",45,"Chelsea",0,"Andrey Andrey Santos"
"MID",55,"Chelsea",6,"Noni Madueke"
"MID",50,"Chelsea",16,"Enzo Enzo"
"MID",43,"Crystal Palace",17,"Albert Sambi"
"GK",44,"Crystal Palace",94,"Vicente Guaita"
"DEF",39,"Crystal Palace",8,"James Tomkins"
"MID",48,"Crystal Palace",1,"James McArthur"
"FWD",55,"Crystal Palace",0,"Christian Benteke"
"DEF",44,"Crystal Palace",42,"Joel Ward"
"DEF",45,"Crystal Palace",35,"Nathaniel Clyne"
"MID",42,"Crystal Palace",14,"Luka Milivojevic"
"MID",53,"Crystal Palace",58,"Jordan J.Ayew"
"MID",72,"Crystal Palace",79,"Wilfried Zaha"
"MID",47,"Crystal Palace",55,"Jeffrey Schlupp"
"MID",48,"Crystal Palace",15,"Will Hughes"
"MID",43,"Crystal Palace",4,"Jairo Riedewald"
"DEF",45,"Crystal Palace",52,"Joachim Andersen"
"FWD",50,"Crystal Palace",51,"Odsonne Edouard"
"DEF",44,"Crystal Palace",56,"Marc Guéhi"
"FWD",51,"Crystal Palace",27,"Jean-Philippe Mateta"
"MID",54,"Crystal Palace",89,"Eberechi Eze"
"DEF",44,"Crystal Palace",59,"Tyrick Mitchell"
"MID",54,"Crystal Palace",81,"Michael Olise"
"MID",45,"Crystal Palace",0,"Jesurun Rak-Sakyi"
"MID",42,"Crystal Palace",3,"Malcolm Ebiowei"
"DEF",39,"Crystal Palace",0,"Nathan Ferguson"
"GK",44,"Crystal Palace",0,"Sam Johnstone"
"GK",40,"Crystal Palace",0,"Remi Matthews"
"FWD",45,"Crystal Palace",0,"Luke Plange"
"MID",50,"Crystal Palace",48,"Cheick C.Doucouré"
"DEF",44,"Crystal Palace",12,"Chris Richards"
"GK",40,"Crystal Palace",0,"Joseph Whitworth"
"MID",45,"Crystal Palace",0,"Kaden Rodney"
"MID",45,"Crystal Palace",0,"Killian Phillips"
"FWD",45,"Crystal Palace",0,"John-Kymani Gordon"
"DEF",40,"Crystal Palace",0,"Kofi Balmer"
"GK",40,"Crystal Palace",0,"Owen Goodman"
"MID",45,"Crystal Palace",0,"Jack Wells-Morrison"
"MID",45,"Crystal Palace",1,"David Ozoh"
"MID",45,"Crystal Palace",3,"Naouirou Ahamada"
"FWD",59,"Everton",33,"Neal Maupay"
"GK",39,"Everton",9,"Asmir Begović"
"FWD",49,"Everton",7,"Salomón Rondón"
"DEF",44,"Everton",54,"Seamus Coleman"
"MID",54,"Everton",0,"Andros Townsend"
"DEF",42,"Everton",6,"Michael Keane"
"MID",53,"Everton",2,"Dele Dele"
"GK",44,"Everton",77,"Jordan Pickford"
"MID",48,"Everton",0,"Allan Allan"
"MID",45,"Everton",0,"André André Gomes"
"MID",53,"Everton",28,"Abdoulaye A.Doucouré"
"MID",54,"Everton",88,"Alex Iwobi"
"MID",45,"Everton",0,"Jean-Philippe Gbamin"
"DEF",43,"Everton",13,"Yerry Mina"
"MID",53,"Everton",73,"Demarai Gray"
"MID",49,"Everton",15,"Tom Davies"
"FWD",79,"Everton",25,"Dominic Calvert-Lewin"
"DEF",43,"Everton",12,"Mason Holgate"
"DEF",43,"Everton",4,"Ben Godfrey"
"DEF",43,"Everton",60,"Vitalii Mykolenko"
"DEF",40,"Everton",0,"Jarrad Branthwaite"
"DEF",39,"Everton",24,"Nathan Patterson"
"DEF",40,"Everton",0,"Niels Nkounkou"
"DEF",44,"Everton",70,"James Tarkowski"
"DEF",49,"Everton",70,"Conor Coady"
"DEF",43,"Everton",2,"Rúben Vinagre"
"MID",51,"Everton",59,"Dwight McNeil"
"MID",44,"Everton",0,"Stanley Mills"
"MID",44,"Everton",0,"Lewis Warrington"
"MID",45,"Everton",5,"James Garner"
"MID",48,"Everton",59,"Amadou Onana"
"DEF",40,"Everton",0,"Reece Welch"
"MID",49,"Everton",45,"Idrissa Gueye"
"GK",40,"Everton",0,"Eldin Jakupović"
"DEF",40,"Everton",0,"Kyle John"
"FWD",45,"Everton",2,"Thomas Cannon"
"MID",45,"Everton",0,"Isaac Price"
"FWD",45,"Everton",6,"Ellis Simms"
"DEF",42,"Fulham",4,"Cédric Cédric"
"GK",45,"Fulham",101,"Bernd Leno"
"DEF",43,"Fulham",4,"Shane Duffy"
"MID",47,"Fulham",25,"Tom Cairney"
"DEF",46,"Fulham",87,"Tim Ream"
"MID",47,"Fulham",0,"Anthony Knockaert"
"MID",44,"Fulham",1,"Nathaniel Chalobah"
"MID",54,"Fulham",35,"Neeskens Kebano"
"MID",55,"Fulham",75,"Bobby De Cordova-Reid"
"DEF",44,"Fulham",0,"Joe Bryan"
"GK",40,"Fulham",0,"Paulo Gazzaniga"
"DEF",39,"Fulham",0,"Terence Kongolo"
"DEF",44,"Fulham",30,"Tosin Tosin"
"FWD",68,"Fulham",88,"Aleksandar Mitrović"
"MID",44,"Fulham",70,"Harrison Reed"
"MID",57,"Fulham",23,"Harry Wilson"
"GK",43,"Fulham",7,"Marek Rodák"
"MID",48,"Fulham",0,"Ivan Cavaleiro"
"DEF",44,"Fulham",63,"Kenny Tete"
"MID",43,"Fulham",2,"Josh Onomah"
"DEF",44,"Fulham",70,"Antonee Robinson"
"FWD",54,"Fulham",0,"Rodrigo Muniz"
"FWD",45,"Fulham",7,"Jay Stansfield"
"MID",49,"Fulham",66,"João Palhinha"
"MID",60,"Fulham",25,"Daniel James"
"MID",44,"Fulham",98,"Andreas Andreas"
"DEF",43,"Fulham",62,"Issa Diop"
"MID",44,"Fulham",1,"Tyrese Francois"
"DEF",43,"Fulham",7,"Kevin Mbabu"
"MID",44,"Fulham",3,"Luke Harris"
"MID",49,"Fulham",30,"Manor Solomon"
"FWD",45,"Fulham",0,"Terry Ablade"
"DEF",43,"Fulham",2,"Layvin Kurzawa"
"MID",55,"Fulham",73,"Willian Willian"
"FWD",54,"Fulham",37,"Carlos Vinícius Vinícius"
"DEF",40,"Fulham",0,"Stefan Parkes"
"MID",45,"Fulham",0,"Martial Godo"
"MID",45,"Fulham",0,"Kristian Sekularac"
"MID",45,"Fulham",3,"Sasa Lukic"
"GK",40,"Fulham",0,"George Wickens"
"GK",50,"Leeds",0,"Kasper Schmeichel"
"DEF",44,"Leeds",11,"Jonny Evans"
"DEF",39,"Leeds",0,"Ryan Bertrand"
"MID",47,"Leeds",13,"Marc Albrighton"
"MID",43,"Leeds",22,"Nampalys Mendy"
"DEF",39,"Leeds",0,"Jannik Vestergaard"
"GK",40,"Leeds",89,"Danny Ward"
"FWD",91,"Leeds",54,"Jamie Vardy"
"DEF",43,"Leeds",4,"Ricardo Ricardo"
"DEF",40,"Leeds",46,"Daniel Amartey"
"DEF",44,"Leeds",80,"Timothy Castagne"
"MID",61,"Leeds",67,"Youri Tielemans"
"MID",47,"Leeds",19,"Ayoze Pérez"
"MID",81,"Leeds",99,"James Maddison"
"FWD",62,"Leeds",55,"Kelechi Iheanacho"
"MID",45,"Leeds",0,"Hamza Choudhury"
"MID",67,"Leeds",94,"Harvey Barnes"
"MID",48,"Leeds",23,"Wilfred Ndidi"
"MID",49,"Leeds",71,"Kiernan Dewsbury-Hall"
"DEF",42,"Leeds",2,"Çaglar Söyüncü"
"DEF",42,"Leeds",45,"James Justin"
"MID",44,"Leeds",27,"Boubakary Soumaré"
"DEF",40,"Leeds",17,"Luke Thomas"
"FWD",56,"Leeds",46,"Patson Daka"
"DEF",39,"Leeds",1,"Lewis Brunt"
"GK",38,"Leeds",0,"Daniel Iversen"
"MID",48,"Leeds",27,"Dennis Praet"
"GK",39,"Leeds",0,"Alex Smithies"
"DEF",42,"Leeds",46,"Wout Faes"
"MID",45,"Leeds",0,"Sammy Braybrooke"
"DEF",40,"Leeds",0,"Joe Wormleighton"
"MID",45,"Leeds",0,"Kasey McAteer"
"DEF",45,"Leeds",6,"Victor Kristiansen"
"MID",55,"Leeds",16,"Mateus Tetê"
"DEF",45,"Leeds",8,"Harry Souttar"
"MID",45,"Leeds",0,"Wanya Marçal-Madivadua"
"DEF",44,"Leicester",30,"Liam Cooper"
"DEF",45,"Leicester",38,"Luke Ayling"
"MID",46,"Leicester",12,"Mateusz Klich"
"MID",44,"Leicester",6,"Adam Forshaw"
"MID",63,"Leicester",92,"Rodrigo Rodrigo"
"DEF",49,"Leicester",0,"Stuart Dallas"
"FWD",72,"Leicester",35,"Patrick Bamford"
"DEF",44,"Leicester",16,"Diego Llorente"
"MID",50,"Leicester",0,"Tyler Roberts"
"DEF",45,"Leicester",48,"Robin Koch"
"MID",70,"Leicester",0,"Raphael Raphinha"
"MID",58,"Leicester",74,"Jack Harrison"
"MID",45,"Leicester",0,"Jamie Shackleton"
"DEF",45,"Leicester",62,"Pascal Struijk"
"GK",39,"Leicester",0,"Kristoffer Klaesson"
"FWD",41,"Leicester",27,"Sam Greenwood"
"GK",45,"Leicester",80,"Illan Meslier"
"DEF",45,"Leicester",23,"Junior Firpo"
"MID",42,"Leicester",59,"Crysencio Summerville"
"MID",45,"Leicester",0,"Lewis Bate"
"FWD",51,"Leicester",20,"Joe Gelhardt"
"DEF",39,"Leicester",0,"Leo Fuhr Hjelde"
"DEF",47,"Leicester",28,"Rasmus Kristensen"
"MID",48,"Leicester",42,"Marc Roca"
"MID",53,"Leicester",62,"Brenden Aaronson"
"MID",42,"Leicester",1,"Darko Gyabi"
"MID",49,"Leicester",45,"Tyler Adams"
"MID",65,"Leicester",25,"Luis Sinisterra"
"DEF",40,"Leicester",1,"Cody Drameh"
"MID",45,"Leicester",0,"Archie Gray"
"GK",40,"Leicester",0,"Joel Robles"
"FWD",50,"Leicester",37,"Wilfried Gnonto"
"FWD",45,"Leicester",3,"Mateo Joseph Mateo Joseph"
"FWD",45,"Leicester",0,"Sonny Perkins"
"DEF",45,"Leicester",21,"Maximilian Wöber"
"FWD",53,"Leicester",7,"Georginio Rutter"
"MID",48,"Leicester",9,"Weston McKennie"
"DEF",40,"Leicester",0,"Jeremiah Chilokoa-Mullen"
"DEF",40,"Leicester",0,"Diogo Monteiro"
"MID",44,"Liverpool",30,"James Milner"
"MID",53,"Liverpool",39,"Jordan Henderson"
"DEF",59,"Liverpool",21,"Joel Matip"
"MID",51,"Liverpool",26,"Thiago Thiago"
"MID",49,"Liverpool",19,"Alex Chamberlain"
"FWD",80,"Liverpool",81,"Roberto Firmino"
"DEF",65,"Liverpool",94,"Virgil Van Dijk"
"GK",54,"Liverpool",117,"Alisson Alisson"
"MID",52,"Liverpool",41,"Fabio Henrique Fabinho"
"MID",127,"Liverpool",154,"Mohamed Salah"
"DEF",68,"Liverpool",89,"Andrew Robertson"
"DEF",73,"Liverpool",94,"Trent Alexander-Arnold"
"DEF",43,"Liverpool",62,"Joseph Gomez"
"MID",47,"Liverpool",10,"Naby Keita"
"FWD",88,"Liverpool",18,"Diogo Diogo Jota"
"GK",40,"Liverpool",0,"Caoimhin Kelleher"
"DEF",48,"Liverpool",21,"Ibrahima Konaté"
"MID",49,"Liverpool",7,"Curtis Jones"
"DEF",44,"Liverpool",35,"Konstantinos Tsimikas"
"MID",78,"Liverpool",39,"Luis Luis Díaz"
"MID",49,"Liverpool",54,"Harvey Elliott"
"MID",51,"Liverpool",25,"Fábio Carvalho"
"FWD",88,"Liverpool",79,"Darwin Darwin"
"DEF",39,"Liverpool",0,"Calvin Ramsay"
"GK",39,"Liverpool",0,"Adrián Adrián"
"DEF",40,"Liverpool",0,"Rhys R.Williams"
"DEF",40,"Liverpool",0,"Ben Davies"
"DEF",40,"Liverpool",0,"Sepp Van den Berg"
"DEF",39,"Liverpool",3,"Nathaniel Phillips"
"DEF",40,"Liverpool",0,"Luke Chambers"
"MID",44,"Liverpool",20,"Stefan Bajcetic"
"MID",45,"Liverpool",1,"Bobby Clark"
"GK",40,"Liverpool",0,"Harvey H.Davies"
"MID",48,"Liverpool",0,"Arthur Henrique Arthur"
"MID",45,"Liverpool",2,"Ben Doak"
"MID",77,"Liverpool",39,"Cody Gakpo"
"DEF",48,"Manchester City",39,"Kyle Walker"
"MID",73,"Manchester City",78,"Ilkay Gündogan"
"MID",122,"Manchester City",128,"Kevin De Bruyne"
"DEF",54,"Manchester City",54,"John Stones"
"MID",76,"Manchester City",83,"Riyad Mahrez"
"MID",68,"Manchester City",78,"Jack Grealish"
"DEF",71,"Manchester City",73,"João Cancelo"
"GK",54,"Manchester City",92,"Ederson Ederson"
"DEF",51,"Manchester City",58,"Nathan Aké"
"DEF",57,"Manchester City",21,"Aymeric Laporte"
"GK",40,"Manchester City",0,"Zack Steffen"
"MID",68,"Manchester City",91,"Bernardo Bernardo"
"DEF",59,"Manchester City",54,"Rúben Dias"
"MID",80,"Manchester City",108,"Phil Foden"
"MID",56,"Manchester City",85,"Rodrigo Rodri"
"MID",43,"Manchester City",8,"Cole Palmer"
"MID",45,"Manchester City",0,"James McAtee"
"FWD",122,"Manchester City",197,"Erling Haaland"
"FWD",60,"Manchester City",56,"Julián Álvarez"
"DEF",39,"Manchester City",0,"Luke Mbete"
"DEF",38,"Manchester City",0,"Josh Wilson-Esbrand"
"FWD",44,"Manchester City",0,"Liam Delap"
"GK",38,"Manchester City",0,"Stefan Ortega"
"MID",48,"Manchester City",4,"Kalvin Phillips"
"GK",38,"Manchester City",0,"Scott Carson"
"DEF",39,"Manchester City",17,"Rico Lewis"
"DEF",45,"Manchester City",8,"Sergio Sergio Gómez"
"MID",45,"Manchester City",0,"Claudio Gomes"
"MID",45,"Manchester City",0,"Ben Knight"
"DEF",50,"Manchester City",54,"Manuel Akanji"
"MID",44,"Manchester City",1,"Máximo Perrone"
"GK",44,"Manchester United",0,"Jack Butland"
"FWD",102,"Manchester United",20,"Cristiano Ronaldo Ronaldo"
"GK",50,"Manchester United",96,"David De Gea"
"DEF",39,"Manchester United",0,"Phil Jones"
"DEF",48,"Manchester United",48,"Raphaël Varane"
"DEF",47,"Manchester United",23,"Harry Maguire"
"MID",51,"Manchester United",44,"Frederico Fred"
"DEF",52,"Manchester United",89,"Luke Shaw"
"MID",98,"Manchester United",116,"Bruno Fernandes"
"DEF",50,"Manchester United",0,"Alex Telles"
"MID",73,"Manchester United",153,"Marcus Rashford"
"MID",51,"Manchester United",8,"Donny Van de Beek"
"DEF",41,"Manchester United",21,"Victor Lindelöf"
"MID",49,"Manchester United",19,"Scott McTominay"
"DEF",40,"Manchester United",0,"Eric Bailly"
"MID",71,"Manchester United",55,"Jadon Sancho"
"DEF",43,"Manchester United",31,"Aaron Wan-Bissaka"
"DEF",47,"Manchester United",67,"Diogo Dalot"
"DEF",38,"Manchester United",0,"Brandon B.Williams"
"MID",47,"Manchester United",23,"Anthony Elanga"
"FWD",63,"Manchester United",32,"Anthony Martial"
"MID",43,"Manchester United",1,"Facundo Pellistri"
"GK",39,"Manchester United",0,"Tom Heaton"
"DEF",42,"Manchester United",43,"Tyrell Malacia"
"MID",62,"Manchester United",74,"Christian Eriksen"
"DEF",45,"Manchester United",58,"Lisandro Martínez"
"MID",44,"Manchester United",0,"Amad Amad"
"MID",42,"Manchester United",0,"Zidane Iqbal"
"MID",42,"Manchester United",29,"Alejandro Garnacho"
"MID",49,"Manchester United",58,"Carlos Henrique Casemiro"
"MID",73,"Manchester United",41,"Antony Matheus Antony"
"GK",40,"Manchester United",0,"Matej Kovár"
"MID",45,"Manchester United",1,"Kobbie Mainoo"
"GK",40,"Manchester United",0,"Nathan Bishop"
"FWD",45,"Manchester United",0,"Shola Shoretire"
"DEF",40,"Manchester United",0,"Rhys Bennett"
"FWD",58,"Manchester United",14,"Wout Weghorst"
"MID",48,"Manchester United",9,"Marcel Sabitzer"
"MID",51,"Newcastle",47,"Anthony Gordon"
"DEF",42,"Newcastle",3,"Matt Ritchie"
"DEF",44,"Newcastle",0,"Federico Fernández"
"DEF",45,"Newcastle",0,"Ciaran Clark"
"GK",39,"Newcastle",0,"Karl Darlow"
"GK",41,"Newcastle",8,"Martin Dubravka"
"FWD",69,"Newcastle",73,"Callum Wilson"
"DEF",60,"Newcastle",147,"Kieran Trippier"
"DEF",45,"Newcastle",92,"Dan Burn"
"MID",52,"Newcastle",11,"Ryan Fraser"
"DEF",43,"Newcastle",1,"Jamaal Lascelles"
"FWD",45,"Newcastle",0,"Dwight Gayle"
"DEF",39,"Newcastle",0,"Paul Dummett"
"DEF",42,"Newcastle",1,"Javier Manquillo"
"DEF",43,"Newcastle",1,"Emil Krafth"
"MID",41,"Newcastle",39,"Jacob Murphy"
"DEF",51,"Newcastle",102,"Fabian Schär"
"DEF",47,"Newcastle",24,"Matt Targett"
"MID",61,"Newcastle",45,"Allan Saint-Maximin"
"MID",54,"Newcastle",127,"Miguel Almirón"
"MID",43,"Newcastle",71,"Sean S.Longstaff"
"MID",59,"Newcastle",64,"Joelinton Cássio Joelinton"
"DEF",44,"Newcastle",1,"Jamal Lewis"
"MID",47,"Newcastle",74,"Joe Willock"
"MID",55,"Newcastle",67,"Bruno Bruno Guimarães"
"MID",45,"Newcastle",0,"Jeff Hendrick"
"GK",54,"Newcastle",106,"Nick Pope"
"DEF",45,"Newcastle",90,"Sven Botman"
"MID",44,"Newcastle",11,"Elliot Anderson"
"DEF",38,"Newcastle",0,"Harrison Ashby"
"FWD",66,"Newcastle",32,"Alexander Isak"
"GK",39,"Newcastle",0,"Loris Karius"
"MID",45,"Newcastle",0,"Garang Kuol"
"MID",45,"Newcastle",0,"Lewis Miley"
"DEF",39,"Nottingham Forest",41,"Neco N.Williams"
"MID",48,"Nottingham Forest",11,"Jonjo Shelvey"
"FWD",56,"Nottingham Forest",52,"Chris Wood"
"MID",41,"Nottingham Forest",0,"Harry Arter"
"DEF",43,"Nottingham Forest",20,"Steve Cook"
"FWD",41,"Nottingham Forest",0,"Lyle Lyle Taylor"
"MID",41,"Nottingham Forest",14,"Jack Colback"
"GK",45,"Nottingham Forest",0,"Brice Samba"
"MID",42,"Nottingham Forest",1,"Carlos Cafú"
"MID",49,"Nottingham Forest",0,"Joe Lolley"
"DEF",44,"Nottingham Forest",38,"Scott McKenna"
"DEF",40,"Nottingham Forest",0,"Mohamed Dräger"
"MID",50,"Nottingham Forest",42,"Ryan Yates"
"DEF",42,"Nottingham Forest",37,"Joe Worrall"
"DEF",40,"Nottingham Forest",0,"Jonathan Panzo"
"MID",50,"Nottingham Forest",0,"Xande Xande Silva"
"FWD",47,"Nottingham Forest",21,"Sam Surridge"
"DEF",45,"Nottingham Forest",0,"Richie Laryea"
"DEF",42,"Nottingham Forest",0,"Loïc Mbe Soh"
"FWD",57,"Nottingham Forest",91,"Brennan Johnson"
"MID",49,"Nottingham Forest",1,"Alex Mighten"
"MID",45,"Nottingham Forest",0,"Braian Ojeda"
"FWD",56,"Nottingham Forest",50,"Taiwo Awoniyi"
"GK",46,"Nottingham Forest",82,"Dean Henderson"
"DEF",42,"Nottingham Forest",2,"Giulian Biancone"
"DEF",42,"Nottingham Forest",33,"Willy Boly"
"MID",55,"Nottingham Forest",88,"Morgan Gibbs-White"
"DEF",43,"Nottingham Forest",7,"Moussa Niakhaté"
"DEF",44,"Nottingham Forest",0,"Omar Richards"
"GK",39,"Nottingham Forest",4,"Wayne Hennessey"
"DEF",43,"Nottingham Forest",20,"Harry Toffolo"
"MID",48,"Nottingham Forest",22,"Lewis O'Brien"
"MID",54,"Nottingham Forest",31,"Jesse Lingard"
"MID",49,"Nottingham Forest",22,"Orel Mangala"
"MID",43,"Nottingham Forest",0,"Oliver Hammond"
"MID",49,"Nottingham Forest",43,"Remo Freuler"
"MID",44,"Nottingham Forest",27,"Cheikhou Kouyaté"
"FWD",56,"Nottingham Forest",22,"Emmanuel Dennis"
"DEF",43,"Nottingham Forest",37,"Renan Augusto Renan Lodi"
"DEF",45,"Nottingham Forest",0,"Loïc Badé"
"DEF",44,"Nottingham Forest",55,"Serge Aurier"
"FWD",45,"Nottingham Forest",0,"Dale Dale Taylor"
"GK",40,"Nottingham Forest",0,"Jordan Smith"
"MID",48,"Nottingham Forest",3,"Gustavo Henrique Scarpa"
"MID",45,"Nottingham Forest",2,"Danilo Danilo"
"GK",45,"Nottingham Forest",15,"Keylor Navas"
"DEF",45,"Nottingham Forest",3,"Felipe Augusto Felipe"
"MID",50,"Nottingham Forest",5,"André A.Ayew"
"MID",48,"Southampton",23,"Ainsley Maitland-Niles"
"MID",45,"Southampton",31,"Roméo Lavia"
"MID",48,"Southampton",9,"Theo Walcott"
"GK",43,"Southampton",0,"Alex McCarthy"
"MID",48,"Southampton",2,"Oriol Romeu"
"MID",53,"Southampton",1,"Nathan Redmond"
"MID",47,"Southampton",34,"Stuart S.Armstrong"
"MID",52,"Southampton",42,"Mohamed Elyounoussi"
"MID",63,"Southampton",90,"James Ward-Prowse"
"FWD",54,"Southampton",42,"Adam A.Armstrong"
"DEF",44,"Southampton",39,"Kyle Walker-Peters"
"DEF",42,"Southampton",20,"Jan Bednarek"
"FWD",61,"Southampton",77,"Che Adams"
"MID",50,"Southampton",0,"Nathan Tella"
"DEF",44,"Southampton",15,"Lyanco Lyanco"
"DEF",40,"Southampton",0,"Yan Valery"
"MID",45,"Southampton",0,"Will Smallbone"
"MID",42,"Southampton",17,"Ibrahima Diallo"
"DEF",41,"Southampton",59,"Romain Perraud"
"MID",50,"Southampton",20,"Moussa Djenepo"
"DEF",44,"Southampton",0,"Tino Livramento"
"DEF",43,"Southampton",32,"Mohammed Salisu"
"GK",40,"Southampton",0,"Mateusz Lis"
"GK",45,"Southampton",70,"Gavin Bazunu"
"DEF",45,"Southampton",33,"Armel Bella-Kotchap"
"GK",39,"Southampton",0,"Willy Caballero"
"MID",51,"Southampton",42,"Joe Aribo"
"FWD",53,"Southampton",20,"Sékou Mara"
"DEF",40,"Southampton",4,"Juan Larios"
"DEF",45,"Southampton",19,"Duje Caleta-Car"
"MID",47,"Southampton",21,"Samuel Edozie"
"MID",45,"Southampton",0,"Lewis Payne"
"MID",45,"Southampton",0,"Ryan Finnigan"
"FWD",45,"Southampton",0,"Jimmy Morgan"
"MID",52,"Southampton",1,"Mislav Orsic"
"MID",50,"Southampton",18,"Carlos Alcaraz"
"DEF",45,"Southampton",3,"James Bree"
"MID",50,"Southampton",10,"Kamaldeen Kamaldeen"
"FWD",55,"Southampton",6,"Paul Onuachu"
"GK",54,"Tottenham",82,"Hugo Lloris"
"GK",39,"Tottenham",17,"Fraser Forster"
"FWD",117,"Tottenham",163,"Harry Kane"
"MID",116,"Tottenham",88,"Son Son"
"DEF",46,"Tottenham",35,"Matt Doherty"
"DEF",51,"Tottenham",88,"Eric Dier"
"MID",58,"Tottenham",10,"Lucas Lucas Moura"
"DEF",48,"Tottenham",86,"Ben Davies"
"MID",55,"Tottenham",96,"Pierre-Emile Højbjerg"
"MID",44,"Tottenham",0,"Harry Winks"
"DEF",43,"Tottenham",22,"Davinson Sánchez"
"DEF",44,"Tottenham",35,"Ryan R.Sessegnon"
"MID",55,"Tottenham",0,"Steven Bergwijn"
"DEF",42,"Tottenham",0,"Sergio Reguilón"
"DEF",39,"Tottenham",2,"Japhet Tanganga"
"MID",54,"Tottenham",71,"Rodrigo Bentancur"
"MID",43,"Tottenham",22,"Oliver Skipp"
"DEF",40,"Tottenham",0,"Joe Rodon"
"DEF",49,"Tottenham",48,"Cristian Romero"
"MID",47,"Tottenham",23,"Yves Bissouma"
"DEF",50,"Tottenham",75,"Emerson Emerson Royal"
"MID",79,"Tottenham",70,"Dejan Kulusevski"
"FWD",45,"Tottenham",0,"Dane Scarlett"
"DEF",54,"Tottenham",73,"Ivan Perišić"
"MID",44,"Tottenham",1,"Harvey White"
"MID",42,"Tottenham",5,"Pape Matar Sarr"
"GK",39,"Tottenham",0,"Brandon Austin"
"MID",43,"Tottenham",0,"Alfie Devine"
"FWD",45,"Tottenham",0,"Troy Parrott"
"FWD",84,"Tottenham",30,"Richarlison Richarlison"
"DEF",48,"Tottenham",39,"Clément Lenglet"
"DEF",41,"Tottenham",4,"Djed Spence"
"MID",50,"Tottenham",9,"Bryan Bryan"
"MID",63,"Tottenham",1,"Arnaut Danjuma"
"DEF",48,"Tottenham",8,"Pedro Pedro Porro"
"FWD",64,"West Ham",76,"Danny Ings"
"GK",50,"West Ham",86,"Lukasz Fabianski"
"DEF",44,"West Ham",24,"Angelo Ogbonna"
"DEF",47,"West Ham",43,"Aaron Cresswell"
"FWD",70,"West Ham",53,"Michail Antonio"
"MID",51,"West Ham",7,"Manuel Lanzini"
"DEF",44,"West Ham",58,"Kurt Zouma"
"DEF",45,"West Ham",0,"Arthur Masuaku"
"DEF",41,"West Ham",35,"Vladimir Coufal"
"MID",55,"West Ham",64,"Saïd Benrahma"
"MID",80,"West Ham",92,"Jarrod Bowen"
"MID",50,"West Ham",0,"Nikola Vlasic"
"MID",47,"West Ham",77,"Declan Rice"
"MID",51,"West Ham",59,"Tomas Soucek"
"MID",49,"West Ham",44,"Pablo Fornals"
"DEF",44,"West Ham",26,"Ben Johnson"
"DEF",48,"West Ham",19,"Nayef Aguerd"
"GK",43,"West Ham",4,"Alphonse Areola"
"MID",42,"West Ham",17,"Flynn Downes"
"FWD",66,"West Ham",41,"Gianluca Scamacca"
"DEF",40,"West Ham",26,"Emerson Emerson"
"MID",44,"West Ham",1,"Conor Coventry"
"MID",44,"West Ham",0,"Armstrong Oko-Flex"
"MID",59,"West Ham",5,"Maxwel Cornet"
"DEF",44,"West Ham",39,"Thilo Kehrer"
"MID",59,"West Ham",55,"Lucas Paquetá"
"FWD",45,"West Ham",1,"Divin Mubama"
"GK",40,"West Ham",0,"Joseph Anang"
"GK",39,"West Ham",0,"Krisztián Hegyi"
"DEF",40,"West Ham",0,"Kaelan Casey"
"DEF",48,"Wolverhampton",44,"Craig Dawson"
"FWD",67,"Wolverhampton",22,"Raúl Jiménez"
"DEF",43,"Wolverhampton",40,"Jonathan Jonny"
"GK",50,"Wolverhampton",108,"José Sá"
"MID",54,"Wolverhampton",86,"Rúben Neves"
"MID",57,"Wolverhampton",27,"Hwang Hwang"
"DEF",50,"Wolverhampton",47,"Nélson Semedo"
"MID",53,"Wolverhampton",72,"Daniel Podence"
"DEF",44,"Wolverhampton",79,"Max Kilman"
"MID",44,"Wolverhampton",0,"Luke Cundle"
"MID",49,"Wolverhampton",19,"Pedro Neto"
"DEF",42,"Wolverhampton",40,"Rayan Aït-Nouri"
"FWD",55,"Wolverhampton",0,"Fabio Fabio Silva"
"DEF",39,"Wolverhampton",11,"Toti António Toti"
"MID",50,"Wolverhampton",0,"Francisco Jorge Chiquinho"
"MID",54,"Wolverhampton",50,"Adama Adama"
"GK",39,"Wolverhampton",0,"Matija Šarkić"
"DEF",39,"Wolverhampton",0,"Yerson Mosquera"
"MID",47,"Wolverhampton",49,"João Filipe Iria Moutinho"
"DEF",43,"Wolverhampton",43,"Nathan Collins"
"GK",39,"Wolverhampton",0,"Jackson Smith"
"DEF",39,"Wolverhampton",32,"Hugo Bueno"
"MID",44,"Wolverhampton",4,"Joseph Hodge"
"MID",44,"Wolverhampton",1,"Connor Ronan"
"MID",44,"Wolverhampton",5,"Chem Campbell"
"MID",58,"Wolverhampton",29,"Gonçalo Manuel Guedes"
"MID",48,"Wolverhampton",54,"Matheus Luiz Matheus"
"FWD",53,"Wolverhampton",1,"Sasa Kalajdžić"
"FWD",54,"Wolverhampton",15,"Diego Diego Costa"
"MID",43,"Wolverhampton",12,"Boubacar Traoré"
"FWD",45,"Wolverhampton",0,"Nathan Fraser"
"MID",44,"Wolverhampton",0,"Harvey Griffiths"
"DEF",40,"Wolverhampton",1,"Dexter Lembikisa"
"FWD",55,"Wolverhampton",10,"Matheus Cunha"
"MID",45,"Wolverhampton",8,"Mario Lemina"
"MID",55,"Wolverhampton",18,"Pablo Sarabia"
"GK",40,"Wolverhampton",0,"Daniel Bentley"
"MID",45,"Wolverhampton",9,"João Victor João Gomes"
